{
  "NSGA-III": {
    "small_residential": {
      "runtime": {
        "mean": 27.686437288920086,
        "std": 0.381295775985449,
        "min": 27.367295026779175,
        "max": 28.222426891326904
      },
      "evaluations": {
        "mean": 930.0,
        "std": 0.0,
        "min": "930",
        "max": "930"
      },
      "pareto_size": {
        "mean": 5.333333333333333,
        "std": 4.784233364802441,
        "min": "1",
        "max": "12"
      },
      "hypervolume": {
        "mean": 0.0,
        "std": 0.0,
        "min": 0.0,
        "max": 0.0
      },
      "memory_peak_mb": {
        "mean": 0.10564772288004558,
        "std": 0.017248789112022163,
        "min": 0.0921792984008789,
        "max": 0.12999534606933594
      }
    },
    "small_educational": {
      "runtime": {
        "mean": 28.05231563250224,
        "std": 0.3588099612130056,
        "min": 27.559420108795166,
        "max": 28.403201818466187
      },
      "evaluations": {
        "mean": 930.0,
        "std": 0.0,
        "min": "930",
        "max": "930"
      },
      "pareto_size": {
        "mean": 28.666666666666668,
        "std": 1.8856180831641267,
        "min": "26",
        "max": "30"
      },
      "hypervolume": {
        "mean": 5.608573353637986e-07,
        "std": 1.678985110412907e-07,
        "min": 4.059377360982406e-07,
        "max": 7.941529567365511e-07
      },
      "memory_peak_mb": {
        "mean": 0.08915646870930989,
        "std": 0.0001526084197327674,
        "min": 0.0889596939086914,
        "max": 0.08933162689208984
      }
    }
  },
  "AdaptiveHSAGA": {
    "small_residential": {
      "runtime": {
        "mean": 0.44899702072143555,
        "std": 0.006213800051781036,
        "min": 0.44216108322143555,
        "max": 0.4571971893310547
      },
      "evaluations": {
        "mean": 576.0,
        "std": 0.0,
        "min": "576",
        "max": "576"
      },
      "pareto_size": {
        "mean": 14.0,
        "std": 0.0,
        "min": "14",
        "max": "14"
      },
      "hypervolume": {
        "mean": 8.756132914326604e-19,
        "std": 0.0,
        "min": 8.756132914326604e-19,
        "max": 8.756132914326604e-19
      },
      "memory_peak_mb": {
        "mean": 0.07873757680257161,
        "std": 0.00538635216383652,
        "min": 0.07421016693115234,
        "max": 0.08630657196044922
      }
    },
    "small_educational": {
      "runtime": {
        "mean": 0.5452630519866943,
        "std": 0.00283095831408769,
        "min": 0.5432050228118896,
        "max": 0.5492660999298096
      },
      "evaluations": {
        "mean": 557.0,
        "std": 0.0,
        "min": "557",
        "max": "557"
      },
      "pareto_size": {
        "mean": 14.0,
        "std": 0.0,
        "min": "14",
        "max": "14"
      },
      "hypervolume": {
        "mean": 5.376942668834242e-18,
        "std": 0.0,
        "min": 5.376942668834242e-18,
        "max": 5.376942668834242e-18
      },
      "memory_peak_mb": {
        "mean": 0.07104142506917317,
        "std": 0.0004905646877412324,
        "min": 0.07035636901855469,
        "max": 0.07147884368896484
      }
    }
  }
}
